index,name,filename,size,destination_hex,flags,is_encrypted,hash_matches,entropy,unique_bytes,iv_hex,stored_sha256,actual_sha256
0,boot,00_boot.bin,0,0x00000000,2,False,,0.0,0,,e3b0c44298fc1c149afbf4c8996fb92427ae41e4649b934ca495991b7852b855,
1,loader1,01_loader1.bin,131072,0x00000000,3,True,False,7.9972,256,69559c299e46a66851a3d48854403b06,21d10affd6daecdf80de04f77668d886eea712d25a5add2d15c9347103cdd69a,1f44a725cd9a649bb2e46ef0785bdf5ef09b328a979f74042a20fdaeeced4f31
2,loader2,02_loader2.bin,0,0x00020000,2,False,,0.0,0,,e3b0c44298fc1c149afbf4c8996fb92427ae41e4649b934ca495991b7852b855,
3,loader3,03_loader3.bin,0,0x00020000,2,False,,0.0,0,,e3b0c44298fc1c149afbf4c8996fb92427ae41e4649b934ca495991b7852b855,
4,storage,04_storage.bin,0,0x00080000,2,False,,0.0,0,,e3b0c44298fc1c149afbf4c8996fb92427ae41e4649b934ca495991b7852b855,
5,program,05_program.bin,46923776,0x00080000,3,True,False,7.9969,256,e8e36fe47463cd343b284a017847d17a,003209de63fb3e9c0f576493d5c49cf4dacfc9c6acd53ba19234d4e62a8c833d,c183d1a86cac836c1fac8eda73e047c36a46215625eb7691529ee0175799c18d
6,compress_pr,06_compress_pr.bin,16777216,0x02d40000,3,True,False,7.9971,256,0ae5ae8373cde7e841a2c7e154c5477d,5950f6f252d6f9564b48eaa792ce78230ea79d94decf15bedf2cb70c62ea0ad8,82a86ef06a3945b4af25e97a22ce6331fa364e152643a89784bb5ac95ce687ff
7,postboot1_r,07_postboot1_r.bin,6946816,0x03d40000,3,True,False,7.9973,256,89653da1cfe91c5c6e330d0f5c15c4fc,b7875162f8742b9a3299c50e8b393e6db335cb680d11d2fffbeb4d4b4e7d735e,760a16859bbd47b9d3b2bb43836fbfd1dff055f6b7afcc2eef09c62b22f26a0c
8,postboot2_r,08_postboot2_r.bin,131072,0x043e0000,3,True,False,7.997,256,8e8447d6acfceab3c2bfd4cf9d0ad6b2,b5a41c3758763bbec72769fab4a2533bf2db0b6312d93d25a695f9e4b9e02260,c965df4a17b25f35e1ce6544e4a75cb4c0fc60d6e112493ccd30fd5a7b1f7f39
9,postboot3_r,09_postboot3_r.bin,8257536,0x04400000,3,True,False,7.9967,256,aee1a73830dd841a989a95cac2ed062c,420f788e4c5ce87c23788488874b19ab5b9f53708a0d0b14a2a03bce7f4428d7,a6424d41aaf6807075d7d40a4e224b6e51de974f7e6436a62a4653904ea3fb3c
10,postboot4_r,10_postboot4_r.bin,131072,0x04be0000,3,True,False,7.9976,256,77f70bb01f8123bd1607d283092f79b5,b5a41c3758763bbec72769fab4a2533bf2db0b6312d93d25a695f9e4b9e02260,7e906a40f15d4f7a51db7cece8bf7928f98def136d68a81a35c2cee7e28ef235
11,postboot5_r,11_postboot5_r.bin,1835008,0x04c00000,3,True,False,7.9973,256,3cb6c9d4f9070c8e65a43d607b8c62e4,d3804bfd0adb49abb890624bd19511de0f3c5d669cd0124cf787d94aeadc4db3,1501174fad303fd5c059eb8a5a31ab88fe284901c059c5009c77a47dd05ce378
12,postboot1_r,12_postboot1_r.bin,1966080,0x04dc0000,3,True,False,7.997,256,8c955dd1493f6843fead098edb6e284e,46f93767396f9f3c9e6ed7fba89b2bd3712981841a89c5e772d062accb6709a2,0b250765160152e56365ff8922cd5f60fd4db2b8a5e6f6b04cc174da163f8273
13,postboot3_r,13_postboot3_r.bin,3670016,0x04fa0000,3,True,False,7.997,256,11149b828a55a62dfeb12072a621e33e,ad317834535584b3d6783ef2d6c92e3d947d3714f80b19724480ded35e35a4dd,64a7520052e208ca21156301364e0d31355dce9415f168cf8cc4228cfa39c3ac
14,postboot5_r,14_postboot5_r.bin,1835008,0x05320000,3,True,False,7.9973,256,0e23cb146e434a9d9f66db3fe2146e3e,3324448ab97232891a1fdac4d4bda85c91225f2d0a11e022db5bf485ca0210cd,690ad406b9ac1c0d9224f484cf33cf7818267abf6cb1c3f5a96e50fd9cabd8cc
15,eep_ow_a,15_eep_ow_a.bin,131072,0x054e0000,3,True,False,7.9971,256,13fe137e22dbdff37afa19e628b3193c,76195964ec78a7be2d236799ad0d6143cf9a252e28d1f0f6982b08c5d4453d82,32339de2aa4a75cd67f82d4afa1939ad9a47bb360c95c47413652dc5c5c4963b
16,eep_ow_b,16_eep_ow_b.bin,131072,0x05500000,3,True,False,7.9975,256,04f06dcd0e607101e587d62c5e831d9e,76195964ec78a7be2d236799ad0d6143cf9a252e28d1f0f6982b08c5d4453d82,101c0e169b21ab4ae0ec214c245a0fc01e2579e6dc44c778cfc81e46af96b82d
17,eep_adj,17_eep_adj.bin,131072,0x05520000,3,True,False,7.9972,256,accee18c114d1bef4c93c67f9c8b81fb,4745676d29601cdc2735dfda94825e1843be529b37dc4ae5e47408564f95440e,275ffae07d68b0dcb665535b059b13e497e6eaa396238a94bdf477b75347fd65
18,eep_fix,18_eep_fix.bin,131072,0x05540000,3,True,False,7.9971,256,39dadb6f3373c12ff0091d0b22e828bf,f6775429e901548a6091aa2c00e4e966f231feece1d65a5022e48cb7bee9b4a6,9855aede62c2218ede2ff862981903b355e6907e54d474a8bec51c971fb481c7
19,eep_act_a,19_eep_act_a.bin,512,0x05560000,3,True,False,7.5922,225,ab14941b4fdac5c393b71b1237adc434,3bdcb4d0d03318c64c76be1f413395e666aec061f62236ebe6f757cac84a88d0,71581115a25e33ffb78e32487e4a1a8377163adf089cb26a28cbb70df323b54c
20,eep_act_b,20_eep_act_b.bin,512,0x05580000,3,True,False,7.5937,219,a4eb95a65cacd40d2f1a21b42c42a325,3bdcb4d0d03318c64c76be1f413395e666aec061f62236ebe6f757cac84a88d0,2ec01a2c4bf08055446d430c46aab937f14be1179eef378aac3c32b2278741a5
21,eep_exp_a,21_eep_exp_a.bin,12288,0x055a0000,3,True,False,7.9855,256,716e600ec6dc465a7e3c2ff220622e25,9eb84b8d7df42801a6038c54bdf91a750f8397bdd387e2ad7518ccf466659b12,68ad828af52d5e2d69c7c9aa48ec8419fec34cd5f4a4a91795001ce5359cbc7d
22,eep_exp_b,22_eep_exp_b.bin,12288,0x055c0000,3,True,False,7.9826,256,2262072775064e86d93c5cf9f53761f7,9eb84b8d7df42801a6038c54bdf91a750f8397bdd387e2ad7518ccf466659b12,74f1fc43abbb6a06c4bf2dfb1c549c7e6d9ce3469033c8ed481a6c1816d141e0
23,history,23_history.bin,262144,0x055e0000,3,True,False,7.9974,256,c172816fa152dfdf3d1cda8b908ce54a,b52fe951cf1c915661f8c2d5735fcd408284771260720143babb26487ba56997,43682709728487091dd12d6226f13ec84f442c5b24ac35bed7e18dd52a669994
24,lens_hist,24_lens_hist.bin,393216,0x05620000,2,False,True,-0.0,1,,a6619f482fee91a315f76cdcd8705d39b6ce11077c435ccc696142e130c27762,a6619f482fee91a315f76cdcd8705d39b6ce11077c435ccc696142e130c27762
25,osdover,25_osdover.bin,17301504,0x05680000,3,True,False,7.9971,256,3a48819114d42660163855bfc7ccb843,0543fe7d2ee7b860b6595c3dd904791f22e38f00d879082e73394c76a84a539b,a82c990d13803b537ec479db3f8ed463c29b44fc91eed58e8e61652698deb048
26,osddata,26_osddata.bin,20316160,0x06700000,3,True,False,7.9973,256,33274b67b78f5cfe3183732930cd4cf2,3bcdf16b90859eae8dbfe47a4e29a3fc192641172bdc15a2c1da43ffe9731bf9,2bcdbb185fd29f6e689d54dd36c759c6d9fd5dbfcdae74bd29979c98c718383d
27,wifi_info,27_wifi_info.bin,262144,0x07a60000,2,False,True,-0.0,1,,8a39d2abd3999ab73c34db2476849cddf303ce389b35826850f9a700589b4a90,8a39d2abd3999ab73c34db2476849cddf303ce389b35826850f9a700589b4a90
28,menu_save,28_menu_save.bin,524288,0x07aa0000,2,False,True,-0.0,1,,043e238a765f7cfbc62596a50e53c8ffb6b188a99357b0ebede251725d67589f,043e238a765f7cfbc62596a50e53c8ffb6b188a99357b0ebede251725d67589f
29,kizu_data,29_kizu_data.bin,524288,0x07b20000,2,False,True,-0.0,1,,07854d2fef297a06ba81685e660c332de36d5d18d546927d30daad6d7fda1541,07854d2fef297a06ba81685e660c332de36d5d18d546927d30daad6d7fda1541
30,vkizu_data,30_vkizu_data.bin,9437184,0x07ba0000,2,False,True,-0.0,1,,d2ee4703cd9698945ca7b9fe1689ea3095597eac1a0afd8dba00cac7894fdc43,d2ee4703cd9698945ca7b9fe1689ea3095597eac1a0afd8dba00cac7894fdc43
31,usbcharge,31_usbcharge.bin,131072,0x084a0000,3,True,False,7.9972,256,8c294c5485df5ae89da06b1dad764ba6,f9c25ad715ad999dfdff93ea0aa9df1e7046d6cfe801f9691ed87cd2117c039f,71f4860f7a46473092da9ba960da989544ccab379df2a6a4796cd65388782cf6
32,hm_c_ddr,32_hm_c_ddr.bin,3145728,0x084c0000,3,True,False,7.9973,256,5d637067d4f4183f76ae441ce95810bb,b26f3b3d07c411f1b7e641b03aec415f8ae2068edd8746b8ac71d50db143415f,2291c6841e5011dcef856baa803cd331437af35215184fa05780e67fa922af30
33,hm_d_ddr,33_hm_d_ddr.bin,1048576,0x087c0000,3,True,False,7.9972,256,6a422d35dde9d4d57ac32dcb94bfdb9a,e9688a52f4371814874321f244516d809d36d8fa16f1895b26a6e0224de734e2,20ae98be00888c53b9b577103be7432e82290b8c9274b0f921cdc767b2eb16bf
34,hr_c_prog,34_hr_c_prog.bin,65536,0x088c0000,3,True,False,7.997,256,fcbbdbcd7f5cbc0a03ac82e78cca2843,1113b321c41da183c03c5d1ee30821866ce08da21ceace6d580c193a725fe155,2535784556242f93fdb0c6c05c59672b1b80a551a8ea50f621a7a23946603c69
35,hr_d_prog,35_hr_d_prog.bin,524288,0x088e0000,3,True,False,7.9974,256,747f5f810fd45947e0ed0a25c4b1a835,a4ae6ba5841a0010fcecec944241d92ac6da9211d0add29c7013dbdd77b9eedf,602fe5bff540da14fb6f6f3cff5f994717b99da17bf1f602a5b930aae8cac435
36,hr_c_ddr,36_hr_c_ddr.bin,524288,0x08960000,3,True,False,7.9971,256,7591a97dcb86a5d046f28fa65be0ce68,3ea537dbd868076d77178bfff28dda41cb928e102822c0b37be9d4b03d15c961,83568f585d85681eeecd8a53a308b338c8dda48901a18356ae791b3b80e9402a
37,pzm_data,37_pzm_data.bin,65536,0x089e0000,3,True,False,7.9972,256,30e9176385973903e498e449d85770c7,c197c49bd583974d8d2c603c7948fb585a3a3f9b7374d0c6086d69069ec61841,9fc9ce4a73ca3f7835fb2f0d9971de3988d8487c337efacd8f91339d8e07398d
38,xtk,38_xtk.bin,131072,0x08a00000,2,False,True,-0.0,1,,fa43239bcee7b97ca62f007cc68487560a39e19f74f3dde7486db3f98df8e471,fa43239bcee7b97ca62f007cc68487560a39e19f74f3dde7486db3f98df8e471
39,lut_data,39_lut_data.bin,8781824,0x08a20000,2,False,True,-0.0,1,,6217bc4155fa384f23c6e11e7823877d36d13419e7941b5bcd25ed8e9d4644ee,6217bc4155fa384f23c6e11e7823877d36d13419e7941b5bcd25ed8e9d4644ee
40,dsp_kizu_c,40_dsp_kizu_c.bin,65536,0x09280000,3,True,False,7.9971,256,b66272994d73b811870498296714f5c0,abfd6d9ae6df5b822b1450f56161314ee492bc445455059099dd534b53f12a5d,bf419baff67faa45e2a9764f0f69fb099fd0db3737d690e66f9b4d83cb762d41
41,dsp_kizu_d,41_dsp_kizu_d.bin,65536,0x09290000,3,True,False,7.997,256,6c0b104fa290b1d5cc11e0b3126ca2f3,d9ffe60b68d04269ee8143bd44cbebc4c71eac3dd7f2c12bc6554d894a4e74cc,c6526d1e25d660c41fd890b704f42d6dfc6ba9443ba7c31b9ecc3475c7850540
42,dsp_eisldc_,42_dsp_eisldc_.bin,65536,0x092a0000,3,True,False,7.9973,256,2cf7283cd87b809dba3d92fe8ae544fd,0d52acea6d42bd3c3f9e66422b98f1727624f4e8d0299b5554a33841f09315b9,f5216536a021a63269249f4285d4fcc1313d9947c5aaa0719f02bd6c270bff2d
43,dsp_eisldc_,43_dsp_eisldc_.bin,65536,0x092b0000,3,True,False,7.997,256,b99980719744a8226644f76f1cc0b067,8a57a408cf530cb36a8da727292474a8370fbc03af9dcb9478be942b9338ecca,809224c0968ae48b47cc1cf31b624f18e9f01381a11cf554946f0c2d69b12967
44,dsp_fstack_,44_dsp_fstack_.bin,65536,0x092c0000,3,True,False,7.9969,256,ce5ae05f4db31843c380bcf7f9ba1c1a,9117dc91098d94a3101e34af91ece7fc4275d0525a9cadf74637069280f26288,d87ca81e82171af2ccf0f5c4b71b6e88fc08a176e1a0ce3b37f9678298ee6569
45,dsp_fstack_,45_dsp_fstack_.bin,65536,0x092d0000,3,True,False,7.9971,256,d4ac3ddedcae02687b51c658b6a88551,e27f690c862e3c0670eff9dac8ae453daa7d862f8410f02c63823581556ca255,88d029f602c0fafa7f57a403fe856ebd1db8d990f07f178afb7e920f922923cb
46,fstack_c_ex,46_fstack_c_ex.bin,524288,0x092e0000,3,True,False,7.9974,256,b698ade463276a2614559f4426a94c07,f9fd57c04680561a4d6005fabe1839a50912eae965ab46de7ff9ec7f89df3364,3a5b895d8260312cddb9087b030fddc0af52ad6b9d1632832a6dcb533e2b39a1
47,raw_kizu_c,47_raw_kizu_c.bin,65536,0x09360000,3,True,False,7.9973,256,6c37ad3f9d90d74e33e614097729479c,94c99fcab59d51acd69b63fcc1425501e0c880d5ffa9e931e5e5f34cc6a8a848,bca61214d9742a802af84bb3ce44c59be3f9e125deec7e9c596d2872193cbd1a
48,raw_kizu_d,48_raw_kizu_d.bin,65536,0x09370000,3,True,False,7.9971,256,3f3fa719cc10663773d8e7fc350e396f,46c0ce00573d86c6aa7ba7f4116d794c3083e51a9cdfdeb4bebd6b612b0feb3e,21e854d35da52f09d37ecfbce89212c854bac3b9d34c0d01ef6113e8ffb89c39
49,dsh_adj,49_dsh_adj.bin,131072,0x09380000,2,False,True,-0.0,1,,fa43239bcee7b97ca62f007cc68487560a39e19f74f3dde7486db3f98df8e471,fa43239bcee7b97ca62f007cc68487560a39e19f74f3dde7486db3f98df8e471
50,hm_d_nw_1st,50_hm_d_nw_1st.bin,1441792,0x093a0000,3,True,False,7.9971,256,75c0a46735a37c1aeab3ddf7ab715a3a,6f8c3c074542db9423d5ca3bc8d75f679d197255c57d00334d34697d2c532d6a,b5fa4dcd56d4020d2409a8b2acfe8504c031699d7f39f3e9394418de25ec5737
51,hm_d_nw_2nd,51_hm_d_nw_2nd.bin,1441792,0x09500000,3,True,False,7.997,256,fbfa3e8c8f8ef54f2116c1e82ea29719,2434108bf6e3d3c203a6ffcf6b073386da34fa2cd20c141bc46dd6de369af5d0,54f4a690ef70bc0a8a758ea1a5cf303022aba7e7c3147766654eb9d23c2f7cde
52,hm_d_nw_3rd,52_hm_d_nw_3rd.bin,1441792,0x09660000,3,True,False,7.9972,256,c747c043dc479d18c1bd56a4bf80b605,c564b2416df3b9560ca65cf3ca37e9043a94046b07965365f98d9638bd98c0c2,355aedd8ed5a870824ca744da5c7ca6454526c5ba13a31122b41e9a8d05e154c
53,hm_d_nw_4th,53_hm_d_nw_4th.bin,1441792,0x097c0000,3,True,False,7.9969,256,2c2ea1a8266210229262fd31f70fa3fd,c999927b02641d75d48ec4520b9eb3aa5360ac2d13950e09b6e7cf41e15a90ca,b3e56bdb2b3400f68a56d9d73b2e0c24e3f9488397c0c2666478e85c3515cf31
54,hm_d_nw_5th,54_hm_d_nw_5th.bin,1441792,0x09920000,3,True,False,7.9974,256,511b697a55c19bb2ba306280562b1433,0b65f1777fdcce85febd39bfb5ea2f4024e272357aa949ead329b9e9e5aebce8,82ec51e40d56979b72971789699ec3e534eb9c1f19427659f4dbbbade6d0326d
55,hm_d_nw_6th,55_hm_d_nw_6th.bin,1441792,0x09a80000,3,True,False,7.9972,256,1708368b4a46bfa964d2b6a2af766c5a,307dceee9b047ab5649eafbe82eb16709730d794c36c3a2205ceb505a848758b,1822c49fac1a016a667b0f0b5f9a69717945637d6219ba600b12160b5e09f459
56,hm_d_nw_7th,56_hm_d_nw_7th.bin,1441792,0x09be0000,3,True,False,7.9973,256,32b12fa4096b14f998b1ea90efadc301,8ee84bc7b9e35db690471c938e4f95892c580004da5bb7d8c456c52b99ec2934,caa40355f872d14ba20a3e08f8129209449df9d87441e7ca32d4647535cb92b3
57,hm_d_nw_8th,57_hm_d_nw_8th.bin,1441792,0x09d40000,3,True,False,7.997,256,e038ab086d94ad52758aca743801c77a,6e8752e886e71284db14556b910232587db4f15f6f7e08c80c0e43521a76188c,c3e65fc1b8419b7edea1de65dff99ab4086a3b457885d07430b42647e38eb73a
58,hm_d_nw_9th,58_hm_d_nw_9th.bin,1441792,0x09ea0000,3,True,False,7.9971,256,b270da971edf1aa5e4aa907583aa2d7a,c4465a9d31f2faf6733d0bc84fef1e509d91f0166ca722809cdf7d4a73389b8d,a8b34d25e07502c02f45330c8d9e085882ae7118efbb3d2cba2dc7f190e8214e
59,hm_d_reid,59_hm_d_reid.bin,3145728,0x0a000000,3,True,False,7.9972,256,1022e421d0868fcd68f17d84ac36c0d5,583bc02d84e5cb96e2d25b89bacaeedb4094d01ab828462578d42c6b9bf8febf,b10a0d003c6759b4c40b7576af638fc63d6b34272fdde33247b5c10d43cd2bd0
60,ai_awb_data,60_ai_awb_data.bin,1835008,0x0a300000,3,True,False,7.9972,256,68c323fe04461dcef1ab77e88725ab05,484b90a2c7b798fc71f4155447be7bdae3d5471f5d3a40b7c9bcef595fa13bb3,7535d958cd98312c5a32f892898c1b00f895e9d3e80abfc4cd98b63ba3fa16fd
61,mbr_dummy_d,61_mbr_dummy_d.bin,131072,0x0a4c0000,2,False,True,-0.0,1,,b5a41c3758763bbec72769fab4a2533bf2db0b6312d93d25a695f9e4b9e02260,b5a41c3758763bbec72769fab4a2533bf2db0b6312d93d25a695f9e4b9e02260
