path,imports,third_party_or_local_imports,path_placeholder_remaining,static_status
analysis/audit_bootloader_anchors.py,glob;hashlib;json;os;typing,,False,syntax-ok; execution not implied
analysis/audit_buffer_interface.py,hashlib;json;pathlib;tarfile,,False,syntax-ok; execution not implied
analysis/audit_lumix_sdk_binary.py,capstone;hashlib;json;pathlib;pefile;subprocess,capstone;pefile,False,syntax-ok; execution not implied
analysis/audit_public_decoder.py,collections;hashlib;json;pathlib;subprocess,,False,syntax-ok; execution not implied
analysis/audit_tether_aw_update_path.py,hashlib;json;pathlib;re;subprocess,,False,syntax-ok; execution not implied
analysis/audit_tether_client_transport.py,hashlib;json;pathlib;re,,False,syntax-ok; execution not implied
analysis/compare_maintenance_functions.py,hashlib;json;pathlib;re,,False,syntax-ok; execution not implied
analysis/compare_sl3_payloads.py,hashlib;json;pathlib;struct;urllib,,False,syntax-ok; execution not implied
analysis/compare_tether_update_paths.py,hashlib;json;pathlib;re,,False,syntax-ok; execution not implied
analysis/compare_versions.py,collections;hashlib;json;pathlib;struct;zlib,zlib,False,syntax-ok; execution not implied
analysis/decode_acquired_capabilities.py,hashlib;json;pathlib;struct,,False,syntax-ok; execution not implied
analysis/diff_s1m2_modes.py,inspect_lumix_settings;json;pathlib;struct,inspect_lumix_settings,False,syntax-ok; execution not implied
analysis/extract_gh2_control.py,hashlib;json;pathlib;struct;zlib,zlib,False,syntax-ok; execution not implied
analysis/inspect_firmware.py,collections;hashlib;json;math;pathlib;struct;zipfile;zlib,math;zlib,False,syntax-ok; execution not implied
analysis/inspect_leica_oss.py,hashlib;io;json;pathlib;re;tarfile;zipfile,,False,syntax-ok; execution not implied
analysis/inspect_lumix_settings.py,argparse;hashlib;json;os;struct;sys;typing,,False,syntax-ok; execution not implied
analysis/inspect_oss_sources.py,hashlib;json;pathlib;re;tarfile,,False,syntax-ok; execution not implied
analysis/parse_ptp_device_info.py,json;pathlib;struct;sys,,False,syntax-ok; execution not implied
analysis/parse_s1m2_live.py,inspect_lumix_settings;json;pathlib;sys,inspect_lumix_settings,False,syntax-ok; execution not implied
analysis/probe_cbc_without_iv.py,cryptography;hashlib;json;pathlib,cryptography,False,syntax-ok; execution not implied
analysis/probe_encoding.py,collections;hashlib;json;math;pathlib;zlib,math;zlib,False,syntax-ok; execution not implied
analysis/probe_metadata_keys.py,cryptography;hashlib;json;pathlib,cryptography,False,syntax-ok; execution not implied
analysis/probe_sl3_cross_header.py,cryptography;hashlib;json;pathlib;struct,cryptography,False,syntax-ok; execution not implied
analysis/read_s1m2_known_setting.py,argparse;json;os;pathlib;struct;sys;typing,,False,syntax-ok; execution not implied
analysis/recover_ptool_crypto.py,cryptography;hashlib;json;pathlib;struct,cryptography,False,syntax-ok; execution not implied
analysis/unpack_all.py,collections;csv;hashlib;json;math;pathlib;struct,math,False,syntax-ok; execution not implied
analysis/verify_s1m2_baseline.py,hashlib;json;pathlib;struct;sys,,False,syntax-ok; execution not implied
evidence/reproduce_offline.py,argparse;hashlib;importlib;json;pathlib;shutil;subprocess;sys;tempfile,,False,syntax-ok; execution not implied
evidence/verify_public.py,csv;hashlib;pathlib;subprocess;sys,,False,syntax-ok; execution not implied
s1m2_firmware_project/tests/run_all_tests.py,pathlib;shutil;subprocess;sys;tempfile,,False,syntax-ok; execution not implied
s1m2_firmware_project/tests/test_dump_parser.py,json;pathlib;struct;subprocess;sys;tempfile,,False,syntax-ok; execution not implied
s1m2_firmware_project/tests/test_ptp_wire_parser.py,pathlib;ptp_property_parser;sys;unittest,ptp_property_parser,False,syntax-ok; execution not implied
s1m2_firmware_project/tests/test_toolchain.py,hashlib;json;os;pathlib;shutil;subprocess;sys;tempfile,,False,syntax-ok; execution not implied
s1m2_firmware_project/tools/dump_memory_parser.py,argparse;json;os;pathlib;struct;sys,,False,syntax-ok; execution not implied
s1m2_firmware_project/tools/ptp_property_parser.py,argparse;json;pathlib;struct;sys;typing,,False,syntax-ok; execution not implied
s1m2_firmware_project/tools/repack_upd.py,argparse;hashlib;json;pathlib;struct;sys;zlib,zlib,False,syntax-ok; execution not implied
s1m2_firmware_project/tools/unpack_upd.py,argparse;collections;csv;hashlib;json;math;pathlib;struct;sys;zlib,math;zlib,False,syntax-ok; execution not implied
s1m2_firmware_project/tools/verify_components.py,argparse;hashlib;json;pathlib;sys,,False,syntax-ok; execution not implied
